k,itemset,support
1,10778,0.0267
1,8818,0.0886
1,1346,0.0253
1,5174,0.0348
1,8106,0.0239
1,7377,0.0117
1,1216,0.083
1,10228,0.0305
1,4956,0.0214
1,7858,0.0246
1,6808,0.0172
1,2911,0.0252
1,8616,0.088
1,1858,0.0316
1,10030,0.0236
1,10264,0.0196
1,8769,0.0305
1,7310,0.0109
1,4331,0.0152
1,9679,0.0163
1,6284,0.0276
1,7538,0.0263
1,1040,0.0974
1,2768,0.0159
1,2784,0.0935
1,672,0.012
1,5254,0.0113
1,2233,0.0172
1,9030,0.0252
1,9019,0.0194
1,4806,0.0429
1,6381,0.0731
1,2008,0.042
1,3427,0.063
1,10257,0.0713
1,1742,0.0317
1,10659,0.0709
1,3957,0.0172
1,8801,0.0115
1,2136,0.0277
1,586,0.0121
1,6169,0.0731
1,7800,0.0309
1,9327,0.0511
1,6595,0.0129
1,4083,0.0878
1,3853,0.0335
1,4226,0.0439
1,10061,0.0361
1,10675,0.0335
1,3245,0.0153
1,5287,0.0527
1,6979,0.0904
1,6099,0.0168
1,5908,0.0507
1,3648,0.0155
1,6299,0.0683
1,1595,0.0679
1,4665,0.027
1,7121,0.0209
1,9217,0.0321
1,7401,0.0305
1,3945,0.0573
1,4632,0.0157
1,6185,0.0172
1,4470,0.074
1,8940,0.0157
1,10683,0.01
1,15,0.0179
1,4244,0.0134
1,4078,0.0183
1,148,0.0117
1,5457,0.0709
1,2050,0.0165
1,5363,0.0125
1,5523,0.0292
1,10216,0.0251
1,7316,0.0866
1,6903,0.0128
1,408,0.0286
1,10761,0.0282
1,2030,0.0489
1,5253,0.0144
1,7559,0.0563
1,1654,0.0415
1,7846,0.0221
1,4621,0.0702
1,6938,0.0244
1,3198,0.0376
1,4487,0.0209
1,7398,0.0552
1,8722,0.0188
1,9688,0.0355
1,8192,0.0219
1,10391,0.0483
1,45,0.0756
1,8057,0.0877
1,9564,0.052
1,3300,0.027
1,8622,0.031
1,5638,0.0136
1,6806,0.0553
1,5600,0.0782
1,9488,0.0159
1,10616,0.0157
1,6163,0.0338
1,10807,0.0252
1,7014,0.0184
1,2012,0.0656
1,1946,0.0834
1,8830,0.0534
1,8958,0.0414
1,6232,0.0164
1,5893,0.0445
1,1237,0.094
1,7963,0.0317
1,7115,0.0317
1,3537,0.0285
1,3840,0.0108
1,10214,0.0442
1,4030,0.015
1,1307,0.0141
1,10014,0.0657
1,8290,0.0166
1,9541,0.0961
1,3136,0.0557
1,3726,0.034
1,141,0.0112
1,7894,0.0193
1,953,0.0287
1,1267,0.0375
1,9848,0.0141
1,2570,0.0379
1,1071,0.0211
1,7958,0.0408
1,10791,0.0278
1,8846,0.0111
1,4996,0.0143
1,5577,0.0138
1,2741,0.0191
1,17,0.0908
1,4059,0.0253
1,3283,0.0758
1,9813,0.0411
1,1828,0.0239
1,599,0.0848
1,7608,0.0264
1,8695,0.0548
1,10342,0.0108
1,5842,0.0186
1,8093,0.0102
1,2755,0.0135
1,878,0.0151
1,10390,0.0326
1,830,0.0274
1,6208,0.0356
1,1968,0.0774
1,6224,0.0179
1,3982,0.0541
1,7123,0.0137
1,5618,0.0139
1,9079,0.0317
1,1883,0.0342
1,3881,0.0112
1,10669,0.0217
1,8913,0.0411
1,2739,0.0147
1,8842,0.0258
1,318,0.0397
1,9869,0.0358
1,10795,0.0146
1,3278,0.0648
1,2005,0.0512
1,5382,0.0241
1,9040,0.082
1,135,0.0125
1,1192,0.0694
1,5464,0.0313
1,10598,0.0204
1,331,0.0423
1,3357,0.0563
1,5780,0.0546
1,4129,0.0446
1,358,0.0256
1,1644,0.0597
1,5779,0.0535
1,4869,0.0342
1,5752,0.0553
1,10740,0.0819
1,8634,0.021
1,9723,0.019
1,3983,0.0363
1,2410,0.0813
1,10129,0.0602
1,8319,0.0458
1,6859,0.0102
1,9876,0.026
1,10125,0.0151
1,8537,0.0162
1,454,0.0123
1,66,0.0587
1,4495,0.0202
1,9303,0.0149
1,8910,0.0779
1,7907,0.026
1,2924,0.045
1,9613,0.0271
1,6926,0.012
1,562,0.0101
1,4822,0.0257
1,10584,0.0477
1,335,0.0168
1,4130,0.0139
1,142,0.0254
1,3979,0.0121
1,1401,0.0188
1,9339,0.0129
1,5418,0.0274
1,8687,0.0128
1,4319,0.0806
1,7688,0.0135
1,8749,0.0531
1,3289,0.0336
1,4948,0.0159
1,2032,0.0129
1,2048,0.0115
1,2222,0.0546
1,613,0.0326
1,8050,0.0194
1,1371,0.0229
1,4647,0.0233
1,1070,0.066
1,4157,0.0305
1,9988,0.0283
1,7246,0.0135
1,2181,0.0111
1,9351,0.0536
1,1408,0.0168
1,7399,0.0281
1,5373,0.0624
1,5303,0.026
1,5592,0.0278
1,8962,0.036
1,5372,0.0295
1,4535,0.045
1,8071,0.0133
1,8601,0.0387
1,10234,0.017
1,5447,0.0328
1,6868,0.0417
1,6054,0.0783
1,4578,0.0153
1,713,0.0228
1,1112,0.0248
1,1550,0.0154
1,9910,0.0791
1,735,0.0128
1,6177,0.0196
1,10749,0.013
1,1538,0.0133
1,1357,0.0292
1,935,0.0157
1,8460,0.0151
1,10776,0.0191
1,7451,0.0146
1,2439,0.0314
1,7692,0.0428
1,906,0.0312
1,2697,0.0133
1,6133,0.0118
1,1786,0.0502
1,6323,0.0117
1,2918,0.0396
1,483,0.0138
1,3934,0.0172
1,9195,0.0401
1,2039,0.0375
1,3253,0.0168
1,4501,0.0495
1,7837,0.024
1,2546,0.0168
1,6392,0.0102
1,9147,0.0252
1,3311,0.0149
1,8645,0.0121
1,7358,0.0393
1,8739,0.055
1,1123,0.0102
1,7464,0.0178
1,6230,0.0126
1,4418,0.033
1,3115,0.0362
1,9689,0.0337
1,5701,0.0146
1,5215,0.018
1,5445,0.0111
1,1293,0.0849
1,9896,0.0274
1,6043,0.0693
1,10456,0.0117
1,3875,0.0414
1,6025,0.0276
1,3252,0.0134
1,2523,0.0162
1,6473,0.0103
1,9626,0.0171
1,3174,0.0323
1,9755,0.0129
1,4120,0.0165
1,2240,0.0217
1,1755,0.0544
1,1234,0.0114
1,8082,0.024
1,8612,0.0113
1,6617,0.0477
1,3022,0.0141
1,8505,0.0161
1,4407,0.0269
1,6050,0.0146
1,9014,0.0168
1,2009,0.017
1,9244,0.0215
1,9401,0.0249
1,4565,0.0196
1,8711,0.0266
1,1630,0.0763
1,1896,0.0225
1,1394,0.0116
1,1440,0.0471
1,7602,0.0153
1,1631,0.0206
1,3846,0.0219
1,7299,0.0135
1,5271,0.0774
1,5214,0.01
1,8119,0.036
1,3012,0.0102
1,5026,0.0261
1,327,0.0176
1,3981,0.0135
1,579,0.0265
1,6493,0.0241
1,8466,0.0199
1,3917,0.0461
1,2479,0.0215
1,269,0.0185
1,7753,0.0165
1,1953,0.0374
1,2268,0.0186
1,5109,0.0106
1,5442,0.0447
1,435,0.0152
1,9855,0.0175
1,6143,0.042
1,4431,0.0215
1,5463,0.0392
1,8803,0.0322
1,675,0.0192
1,8347,0.0122
1,10444,0.017
1,4145,0.0124
1,8276,0.024
1,5093,0.0209
1,424,0.0112
1,2733,0.0313
1,3771,0.0109
1,4243,0.0612
1,10728,0.0111
1,9419,0.0254
1,7348,0.0155
1,7084,0.0181
1,5871,0.0396
1,6146,0.0151
1,3029,0.0101
1,7730,0.0282
1,10175,0.0214
1,10662,0.0299
1,8743,0.0568
1,5386,0.0208
1,7521,0.0172
1,4676,0.0125
1,10340,0.015
1,10376,0.0166
1,5659,0.0347
1,6893,0.0167
1,5466,0.0278
1,4443,0.0307
1,1076,0.0133
1,4213,0.0242
1,2651,0.0189
1,1122,0.0239
1,76,0.027
1,5125,0.02
1,4086,0.0502
1,6442,0.0149
1,7198,0.0549
1,1792,0.0174
1,5776,0.0113
1,2265,0.0101
1,6176,0.0246
1,460,0.0243
1,10478,0.0186
1,321,0.0223
1,5280,0.0369
1,1283,0.012
1,10788,0.0141
1,5487,0.0309
1,1362,0.017
1,6789,0.0396
1,909,0.028
1,6330,0.0445
1,7413,0.0139
1,7897,0.0741
1,1260,0.0454
1,7088,0.0156
1,8373,0.0412
1,279,0.0499
1,5796,0.0118
1,8942,0.011
1,7676,0.0121
1,2687,0.0256
1,9629,0.0299
1,7900,0.012
1,10350,0.026
1,10413,0.013
1,9859,0.0207
1,9394,0.0202
1,255,0.0116
1,7663,0.0101
1,893,0.0124
1,4494,0.0299
1,6843,0.0241
1,7512,0.0106
1,1733,0.0291
1,277,0.0178
1,1033,0.0154
1,1462,0.0131
1,3007,0.0253
1,9840,0.0102
1,10587,0.0103
1,6117,0.0109
1,1870,0.0118
1,5376,0.0282
1,2045,0.0112
1,4248,0.0122
1,8351,0.0187
1,8852,0.0119
1,2059,0.0236
1,4957,0.0143
1,10691,0.0205
1,4519,0.0274
1,10665,0.0133
1,7307,0.021
1,4777,0.011
1,49,0.0117
1,6706,0.0365
1,9725,0.015
1,5266,0.0182
1,9943,0.0127
1,202,0.0157
1,4929,0.022
1,6420,0.0213
1,519,0.0148
1,9449,0.0197
1,492,0.0124
1,8123,0.011
1,3298,0.0203
1,2927,0.0158
1,2507,0.0428
1,5550,0.0109
1,2234,0.0424
1,6776,0.0122
1,10332,0.0301
1,8995,0.0153
1,8843,0.0252
1,4168,0.0144
1,9113,0.0121
1,2083,0.011
1,10626,0.013
1,1221,0.0122
1,2185,0.0157
1,2475,0.0129
1,8277,0.0432
1,4119,0.0101
1,6845,0.0232
1,2592,0.0204
1,180,0.0272
1,5194,0.0127
1,28,0.0158
1,951,0.0229
1,6746,0.0116
1,1891,0.0158
1,10304,0.0111
1,7083,0.0148
1,9310,0.0109
1,9856,0.0433
1,6132,0.0134
1,1100,0.0126
1,1799,0.0397
1,5747,0.015
1,9299,0.0112
1,2109,0.0128
1,7605,0.024
1,2609,0.0116
1,6451,0.0273
1,5713,0.0106
1,10457,0.0137
1,4367,0.0135
1,7457,0.0117
1,9482,0.0129
1,2724,0.0203
1,10303,0.0223
1,37,0.0194
1,5244,0.0114
1,7829,0.0192
1,8740,0.0113
1,10180,0.0108
1,5749,0.0194
1,4377,0.0114
1,5460,0.0243
1,6975,0.0569
1,7592,0.0121
1,5462,0.0161
1,10013,0.0229
1,1853,0.0137
1,4294,0.0133
1,4201,0.0105
1,1037,0.0146
1,6731,0.0122
1,7761,0.0158
1,5766,0.0467
1,6336,0.0121
1,7727,0.0308
1,1464,0.0119
1,7021,0.0119
1,2235,0.0169
1,3092,0.0142
1,6080,0.01
1,2750,0.0128
1,7944,0.0101
1,5997,0.0118
1,7918,0.0141
1,9276,0.0176
1,601,0.0292
1,456,0.0105
1,1496,0.0117
1,790,0.0122
1,4261,0.0213
1,7523,0.0111
1,9399,0.0373
1,8665,0.0161
1,7332,0.01
1,9722,0.0385
1,10240,0.0151
1,6784,0.0125
1,1955,0.011
1,6302,0.0197
1,8481,0.0293
1,9190,0.0208
1,10127,0.0319
1,9979,0.0154
1,5146,0.0235
1,2202,0.0268
1,2591,0.0106
1,667,0.0108
1,9452,0.0165
1,2660,0.0136
1,3458,0.0158
1,6129,0.0115
2,10 404 083,0.0141
2,10 401 946,0.0139
2,12 377 963,0.013
2,46 219 541,0.0114
2,31 363 726,0.0119
2,10 403 283,0.019
2,88 189 813,0.0244
2,19 683 982,0.0149
2,10 401 968,0.0104
2,10 401 237,0.0108
2,697 910 129,0.0113
2,69 797 316,0.0101
2,456 979,0.0102
2,69 798 910,0.0102
2,119 210 014,0.0125
2,69 798 057,0.0111
2,731 610 129,0.0148
2,15 386 043,0.0102
2,10 408 057,0.0112
2,19 684 319,0.0147
2,16 307 316,0.0168
2,32 835 271,0.0138
2,73 169 910,0.0109
2,39 826 054,0.0108
2,10 401 595,0.0112
2,12 371 293,0.0114
2,40 868 616,0.0101
2,61 437 692,0.0121
2,43 198 277,0.0105
2,454 083,0.011
2,991 010 129,0.0111
2,10 401 216,0.0102
2,412 910 303,0.0168
2,5 991 293,0.0117
2,71 989 541,0.0167
2,12 936 381,0.012
2,27 849 541,0.0114
2,24 108 616,0.0114
2,17 552 410,0.0112
2,172 410,0.0263
2,171 755,0.0261
2,24 108 739,0.0159
2,24 107 897,0.0113
2,176 975,0.0113
2,57 669 040,0.0105
2,12 932 784,0.0105
2,179 856,0.0137
2,171 237,0.0105
2,42 434 319,0.0115
2,24 104 243,0.0163
2,174 243,0.0114
2,57 669 856,0.0216
2,24 105 766,0.0103
2,177 897,0.01
2,175 766,0.0182
2,24 109 040,0.0187
2,179 040,0.0192
2,24 106 975,0.0103
2,67 068 739,0.0102
2,178 739,0.014
2,176 302,0.0196
2,17 556 302,0.0192
2,175 457,0.0109
2,24 105 457,0.0109
2,173 136,0.0124
2,972 210 761,0.0116
2,12 937 897,0.0104
2,52 719 910,0.0104
2,178 616,0.0106
2,61 699 541,0.0129
2,22 029 190,0.0126
2,38 756 420,0.0119
2,61 436 169,0.0109
2,46 216 979,0.0101
2,44 709 541,0.0121
2,5 999 541,0.0167
2,25 072 660,0.0125
2,25 079 147,0.0134
2,83 199 541,0.015
2,25 079 541,0.0149
2,34 589 541,0.0113
2,95 419 910,0.0139
2,88 189 541,0.0114
2,80 509 541,0.0131
2,40 839 541,0.0143
2,69 799 541,0.0186
2,954 110 129,0.0224
2,954 110 127,0.0124
2,954 110 675,0.0137
2,16 309 541,0.0139
2,31 369 541,0.0153
2,22 229 541,0.0111
2,25 077 198,0.0104
2,25 077 829,0.0153
2,83 199 399,0.0128
2,93 999 541,0.0187
2,954 110 584,0.0117
2,52 719 541,0.0104
2,52 809 541,0.0142
2,669 541,0.0102
2,250 710 129,0.0122
2,71 988 319,0.0109
2,89 109 541,0.0123
2,69 759 541,0.0102
2,73 169 541,0.015
3,1 717 556 302,0.0192
