ID1,ID2,Similarity
366,20861,1.0
382,8034,1.0
383,8035,1.0
384,8036,0.7833333333333333
385,8037,1.0
386,8038,1.0
387,8039,1.0
388,8040,1.0
389,8041,0.8333333333333334
390,8042,1.0
391,8043,1.0
392,8044,0.725
393,8045,0.8
394,8046,0.8583333333333333
395,8047,0.7166666666666667
396,8048,1.0
441,11623,0.8416666666666667
442,11624,0.6166666666666667
443,11625,0.8166666666666667
444,11626,1.0
445,11627,1.0
446,11628,1.0
447,11629,0.85
448,11630,1.0
502,13334,1.0
503,13335,1.0
504,13336,0.7666666666666667
505,13337,1.0
506,13338,1.0
507,13339,1.0
508,13340,1.0
509,13341,0.7583333333333333
510,13342,1.0
511,13343,0.7583333333333333
512,13344,1.0
513,13345,0.7666666666666667
514,13346,1.0
515,13347,1.0
516,13348,1.0
517,13349,1.0
518,13350,1.0
519,13351,1.0
520,13352,1.0
521,13353,0.875
522,13354,1.0
523,13355,1.0
524,9652,1.0
525,9653,1.0
526,9654,0.85
527,9655,1.0
528,9656,0.7833333333333333
529,9657,1.0
530,9658,1.0
531,9659,1.0
532,9660,1.0
533,9661,0.875
534,9662,1.0
535,9663,1.0
536,9664,0.7166666666666667
537,9665,1.0
538,9666,1.0
539,9667,0.9
540,9668,1.0
541,9669,0.6833333333333333
542,9670,1.0
543,9671,1.0
544,9672,1.0
642,11421,0.4583333333333333
643,11422,0.75
644,11423,1.0
645,11424,0.5916666666666667
646,11425,1.0
647,11426,0.9083333333333333
648,11427,1.0
649,11428,1.0
714,15022,0.675
715,15023,0.8916666666666667
716,15024,1.0
717,15025,1.0
718,15026,0.675
719,15027,1.0
720,15028,0.825
721,15029,1.0
722,15030,1.0
723,15031,1.0
724,15032,0.6916666666666667
725,15033,0.5916666666666667
726,15034,0.6333333333333333
727,15035,1.0
728,15036,1.0
731,2196,1.0
2211,9864,0.925
2212,9865,1.0
2213,9866,0.8166666666666667
2214,9867,0.8833333333333333
2215,9868,1.0
2216,9869,1.0
2217,9870,0.7
2218,9871,0.7416666666666667
2219,9872,1.0
2220,9873,1.0
2221,9874,1.0
2222,9875,1.0
2223,9876,0.925
2224,9877,0.875
2225,9878,1.0
2271,13453,0.7083333333333334
2272,13454,0.7416666666666667
2273,13455,0.8666666666666667
2274,13456,0.8583333333333333
2275,13457,1.0
2276,13458,0.8
2277,13459,0.9166666666666666
2278,13460,0.775
2332,15164,1.0
2333,15165,1.0
2334,15166,1.0
2335,15167,1.0
2336,15168,0.875
2337,15169,1.0
2338,15170,1.0
2339,15171,1.0
2340,15172,0.975
2341,15173,0.7166666666666667
2342,15174,1.0
2343,15175,0.7
2344,15176,1.0
2345,15177,1.0
2346,15178,1.0
2347,15179,0.9333333333333333
2348,15180,1.0
2349,15181,1.0
2350,15182,1.0
2351,15183,0.8333333333333334
2352,15184,0.9333333333333333
2353,11482,0.9
2354,11483,0.6916666666666667
2355,11484,0.7166666666666667
2356,11485,0.7166666666666667
2357,11486,0.925
2358,11487,1.0
2359,11488,1.0
2360,11489,1.0
2361,11490,1.0
2362,11491,1.0
2363,11492,1.0
2364,11493,1.0
2365,11494,0.85
2366,11495,0.875
2367,11496,1.0
2368,11497,1.0
2369,11498,1.0
2370,11499,0.7416666666666667
2371,11500,1.0
2372,11501,0.7416666666666667
2373,11502,1.0
2374,11503,1.0
2472,13251,0.6916666666666667
2473,13252,1.0
2474,13253,0.8666666666666667
2475,13254,0.9
2476,13255,0.7833333333333333
2477,13256,0.675
2478,13257,0.9166666666666666
2479,13258,0.8916666666666667
2544,16852,1.0
2545,16853,1.0
2546,16854,0.6166666666666667
2547,16855,1.0
2548,16856,0.7583333333333333
2549,16857,1.0
2550,16858,0.7833333333333333
2551,16859,0.8083333333333333
2552,16860,1.0
2553,16861,1.0
2554,16862,1.0
2555,16863,0.725
2556,16864,0.9416666666666667
2557,16865,0.6916666666666667
2558,16866,0.9
2561,4026,1.0
4041,11694,0.6333333333333333
4042,11695,1.0
4043,11696,0.9166666666666666
4044,11697,1.0
4045,11698,1.0
4046,11699,1.0
4047,11700,0.35
4048,11701,0.7416666666666667
4049,11702,1.0
4050,11703,1.0
4051,11704,1.0
4052,11705,1.0
4053,11706,0.8416666666666667
4054,11707,0.825
4055,11708,0.75
4101,15283,0.65
4102,15284,1.0
4103,15285,0.8666666666666667
4104,15286,0.9
4105,15287,0.8666666666666667
4106,15288,0.65
4107,15289,1.0
4108,15290,0.925
4162,16994,1.0
4163,16995,1.0
4164,16996,0.85
4165,16997,0.875
4166,16998,1.0
4167,16999,1.0
4168,17000,1.0
4169,17001,0.8333333333333334
4170,17002,1.0
4171,17003,0.6583333333333333
4172,17004,1.0
4173,17005,1.0
4174,17006,0.8166666666666667
4175,17007,1.0
4176,17008,1.0
4177,17009,1.0
4178,17010,1.0
4179,17011,1.0
4180,17012,1.0
4181,17013,1.0
4182,17014,1.0
4183,13312,1.0
4184,13313,1.0
4185,13314,1.0
4186,13315,1.0
4187,13316,1.0
4188,13317,1.0
4189,13318,1.0
4190,13319,1.0
4191,13320,1.0
4192,13321,1.0
4193,13322,1.0
4194,13323,1.0
4195,13324,1.0
4196,13325,1.0
4197,13326,1.0
4198,13327,1.0
4199,13328,1.0
4200,13329,1.0
4201,13330,1.0
4202,13331,1.0
4203,13332,1.0
4204,13333,1.0
4302,15081,0.725
4303,15082,0.6083333333333333
4304,15083,1.0
4305,15084,0.75
4306,15085,0.8
4307,15086,0.925
4308,15087,0.6916666666666667
4309,15088,0.8916666666666667
4374,18682,0.4666666666666667
4375,18683,1.0
4376,18684,1.0
4377,18685,1.0
4378,18686,0.75
4379,18687,1.0
4380,18688,0.5416666666666666
4381,18689,0.5666666666666667
4382,18690,1.0
4383,18691,1.0
4384,18692,1.0
4385,18693,1.0
4386,18694,0.55
4387,18695,1.0
4388,18696,0.5166666666666667
4391,5856,1.0
5871,13524,1.0
5872,13525,0.9416666666666667
5873,13526,1.0
5874,13527,1.0
5875,13528,1.0
5876,13529,1.0
5877,13530,0.6416666666666667
5878,13531,1.0
5879,13532,1.0
5880,13533,1.0
5881,13534,1.0
5882,13535,0.9083333333333333
5883,13536,1.0
5884,13537,1.0
5885,13538,0.39166666666666666
5931,17113,0.925
5932,17114,0.65
5933,17115,0.7833333333333333
5934,17116,1.0
5935,17117,1.0
5936,17118,0.925
5937,17119,0.9083333333333333
5938,17120,0.7583333333333333
5992,18824,1.0
5993,18825,1.0
5994,18826,0.7333333333333333
5995,18827,1.0
5996,18828,1.0
5997,18829,1.0
5998,18830,0.9416666666666667
5999,18831,1.0
6000,18832,1.0
6001,18833,0.6833333333333333
6002,18834,1.0
6003,18835,1.0
6004,18836,1.0
6005,18837,1.0
6006,18838,1.0
6007,18839,0.8416666666666667
6008,18840,0.8833333333333333
6009,18841,1.0
6010,18842,1.0
6011,18843,1.0
6012,18844,1.0
6013,15142,0.5833333333333334
6014,15143,1.0
6015,15144,0.75
6016,15145,0.85
6017,15146,1.0
6018,15147,1.0
6019,15148,1.0
6020,15149,1.0
6021,15150,1.0
6022,15151,1.0
6023,15152,1.0
6024,15153,1.0
6025,15154,1.0
6026,15155,1.0
6027,15156,1.0
6028,15157,1.0
6029,15158,1.0
6030,15159,1.0
6031,15160,1.0
6032,15161,1.0
6033,15162,1.0
6034,15163,1.0
6132,16911,0.5166666666666667
6133,16912,0.675
6134,16913,1.0
6135,16914,0.725
6136,16915,0.9333333333333333
6137,16916,0.7666666666666667
6138,16917,0.8333333333333334
6139,16918,0.9
6204,20512,0.7916666666666666
6205,20513,0.525
6206,20514,0.8666666666666667
6207,20515,1.0
6208,20516,0.9
6209,20517,0.9833333333333333
6210,20518,0.7416666666666667
6211,20519,0.8833333333333333
6212,20520,1.0
6213,20521,1.0
6214,20522,0.8583333333333333
6215,20523,0.4
6216,20524,1.0
6217,20525,0.775
6218,20526,0.8166666666666667
6221,7686,1.0
7701,15354,0.6083333333333333
7702,15355,1.0
7703,15356,0.6916666666666667
7704,15357,0.8166666666666667
7705,15358,0.7416666666666667
7706,15359,1.0
7707,15360,1.0
7708,15361,0.6916666666666667
7709,15362,0.75
7710,15363,1.0
7711,15364,1.0
7712,15365,0.7666666666666667
7713,15366,1.0
7714,15367,1.0
7715,15368,0.6833333333333333
7761,18943,0.9333333333333333
7762,18944,0.7083333333333334
7763,18945,0.6
7764,18946,0.9
7765,18947,0.8583333333333333
7766,18948,0.825
7767,18949,0.9166666666666666
7768,18950,0.8916666666666667
7822,20654,1.0
7823,20655,1.0
7824,20656,0.8666666666666667
7825,20657,0.8166666666666667
7826,20658,1.0
7827,20659,1.0
7828,20660,1.0
7829,20661,1.0
7830,20662,1.0
7831,20663,0.6416666666666667
7832,20664,0.9
7833,20665,1.0
7834,20666,0.9333333333333333
7835,20667,1.0
7836,20668,1.0
7837,20669,1.0
7838,20670,1.0
7839,20671,1.0
7840,20672,0.8916666666666667
7841,20673,1.0
7842,20674,1.0
7843,16972,1.0
7844,16973,1.0
7845,16974,0.5333333333333333
7846,16975,0.7916666666666666
7847,16976,1.0
7848,16977,1.0
7849,16978,1.0
7850,16979,1.0
7851,16980,1.0
7852,16981,0.7333333333333333
7853,16982,1.0
7854,16983,1.0
7855,16984,1.0
7856,16985,1.0
7857,16986,1.0
7858,16987,1.0
7859,16988,1.0
7860,16989,1.0
7861,16990,1.0
7862,16991,1.0
7863,16992,1.0
7864,16993,0.8583333333333333
7962,18741,0.6
7963,18742,0.9083333333333333
7964,18743,0.7416666666666667
7965,18744,0.9
7966,18745,0.8333333333333334
7967,18746,0.5583333333333333
7968,18747,1.0
7969,18748,1.0
8051,9516,1.0
9531,17184,0.9083333333333333
9532,17185,0.8666666666666667
9533,17186,0.8416666666666667
9534,17187,1.0
9535,17188,0.8833333333333333
9536,17189,0.7666666666666667
9537,17190,0.8833333333333333
9538,17191,0.7583333333333333
9539,17192,1.0
9540,17193,1.0
9541,17194,0.9333333333333333
9542,17195,0.8583333333333333
9543,17196,0.7916666666666666
9544,17197,1.0
9545,17198,0.6333333333333333
9591,20773,0.725
9592,20774,0.5083333333333333
9593,20775,0.9
9594,20776,0.95
9595,20777,0.925
9596,20778,0.5916666666666667
9597,20779,0.9333333333333333
9598,20780,0.7
9673,18802,1.0
9674,18803,1.0
9675,18804,0.7583333333333333
9676,18805,1.0
9677,18806,1.0
9678,18807,1.0
9679,18808,1.0
9680,18809,0.9166666666666666
9681,18810,1.0
9682,18811,1.0
9683,18812,1.0
9684,18813,1.0
9685,18814,0.95
9686,18815,1.0
9687,18816,1.0
9688,18817,1.0
9689,18818,1.0
9690,18819,1.0
9691,18820,1.0
9692,18821,1.0
9693,18822,1.0
9694,18823,1.0
9793,20571,0.7
9794,20572,0.7
9795,20573,1.0
9796,20574,0.6916666666666667
9797,20575,1.0
9798,20576,0.6583333333333333
9799,20577,0.8166666666666667
9800,20578,0.725
9881,11346,1.0
11362,19014,0.7416666666666667
11363,19015,0.44166666666666665
11364,19016,0.5166666666666667
11365,19017,1.0
11366,19018,1.0
11367,19019,1.0
11369,19021,1.0
11370,19022,1.0
11371,19023,0.8666666666666667
11372,19024,1.0
11373,19025,0.7416666666666667
11374,19026,1.0
11375,19027,0.8583333333333333
11376,19028,1.0
11504,20632,1.0
11505,20633,0.75
11506,20634,1.0
11507,20635,1.0
11508,20636,1.0
11509,20637,1.0
11510,20638,1.0
11511,20639,1.0
11512,20640,1.0
11513,20641,0.7333333333333333
11514,20642,1.0
11515,20643,0.925
11516,20644,1.0
11517,20645,1.0
11518,20646,1.0
11519,20647,1.0
11520,20648,1.0
11521,20649,1.0
11522,20650,0.8166666666666667
11523,20651,1.0
11524,20652,1.0
11525,20653,1.0
11711,13176,1.0
13192,20844,1.0
13193,20845,1.0
13194,20846,0.8083333333333333
13195,20847,1.0
13196,20848,0.5083333333333333
13197,20849,1.0
13198,20850,1.0
13199,20851,1.0
13200,20852,1.0
13201,20853,1.0
13202,20854,1.0
13203,20855,1.0
13204,20856,1.0
13205,20857,1.0
13206,20858,0.95
13541,15006,1.0
15371,16836,1.0
17201,18666,1.0
19031,20496,1.0
